cambridge_uni	aberdeenuni
aberdeenuni	cambridge_uni
edinburghuni	aberdeenuni
aberdeenuni	edinburghuni
imperialcollege	aberdeenuni
aberdeenuni	imperialcollege
kingscollegelon	aberdeenuni
aberdeenuni	kingscollegelon
lancasteruni	aberdeenuni
aberdeenuni	lancasteruni
livuni	aberdeenuni
aberdeenuni	livuni
aberdeenuni	qubelfast
sheffielduni	aberdeenuni
aberdeenuni	sheffielduni
swanseauni	aberdeenuni
aberdeenuni	swanseauni
unibirmingham	aberdeenuni
aberdeenuni	unibirmingham
uniofeastanglia	aberdeenuni
aberdeenuni	uniofeastanglia
uniofnottingham	aberdeenuni
aberdeenuni	uniofnottingham
uniofoxford	aberdeenuni
aberdeenuni	uniofoxford
aberdeenuni	universityleeds
uofglasgow	aberdeenuni
aberdeenuni	uofglasgow
dcu	athloneit
athloneit	dcu
itcarlow	athloneit
athloneit	itcarlow
limerickit	athloneit
athloneit	limerickit
maynoothuni	athloneit
athloneit	maynoothuni
mtu_cork	athloneit
athloneit	mtu_cork
mtu_kerry	athloneit
athloneit	mtu_kerry
nuigalway	athloneit
athloneit	nuigalway
rcsi_irl	athloneit
tcddublin	athloneit
athloneit	tcddublin
tudublin_bn	athloneit
ucc	athloneit
athloneit	ucc
athloneit	ucddublin
ul	athloneit
athloneit	ul
waterfordit	athloneit
athloneit	waterfordit
wearetudublin	athloneit
athloneit	wearetudublin
dcu	cambridge_uni
edinburghuni	cambridge_uni
imperialcollege	cambridge_uni
cambridge_uni	imperialcollege
lancasteruni	cambridge_uni
cambridge_uni	lancasteruni
limerickit	cambridge_uni
livuni	cambridge_uni
cambridge_uni	livuni
maynoothuni	cambridge_uni
mtu_cork	cambridge_uni
nuigalway	cambridge_uni
qubelfast	cambridge_uni
rcsi_irl	cambridge_uni
sheffielduni	cambridge_uni
cambridge_uni	sheffielduni
tcddublin	cambridge_uni
ucc	cambridge_uni
unibirmingham	cambridge_uni
uniofeastanglia	cambridge_uni
uniofnottingham	cambridge_uni
uniofoxford	cambridge_uni
cambridge_uni	uniofoxford
universityleeds	cambridge_uni
uofglasgow	cambridge_uni
cambridge_uni	uofglasgow
waterfordit	cambridge_uni
itcarlow	dcu
dcu	itcarlow
limerickit	dcu
dcu	limerickit
maynoothuni	dcu
dcu	maynoothuni
mtu_cork	dcu
dcu	mtu_cork
mtu_kerry	dcu
nuigalway	dcu
dcu	nuigalway
dcu	qubelfast
rcsi_irl	dcu
dcu	rcsi_irl
tcddublin	dcu
dcu	tcddublin
tudublin_bn	dcu
ucc	dcu
dcu	ucc
dcu	ucddublin
ul	dcu
dcu	ul
waterfordit	dcu
wearetudublin	dcu
dcu	wearetudublin
imperialcollege	edinburghuni
edinburghuni	imperialcollege
kingscollegelon	edinburghuni
edinburghuni	kingscollegelon
lancasteruni	edinburghuni
edinburghuni	lancasteruni
livuni	edinburghuni
edinburghuni	livuni
nuigalway	edinburghuni
qubelfast	edinburghuni
edinburghuni	qubelfast
rcsi_irl	edinburghuni
sheffielduni	edinburghuni
edinburghuni	sheffielduni
tcddublin	edinburghuni
ucddublin	edinburghuni
unibirmingham	edinburghuni
edinburghuni	unibirmingham
uniofeastanglia	edinburghuni
edinburghuni	uniofeastanglia
uniofnottingham	edinburghuni
edinburghuni	uniofnottingham
uniofoxford	edinburghuni
edinburghuni	uniofoxford
universityleeds	edinburghuni
uofglasgow	edinburghuni
edinburghuni	uofglasgow
kingscollegelon	imperialcollege
imperialcollege	kingscollegelon
lancasteruni	imperialcollege
imperialcollege	lancasteruni
livuni	imperialcollege
imperialcollege	livuni
maynoothuni	imperialcollege
qubelfast	imperialcollege
imperialcollege	qubelfast
sheffielduni	imperialcollege
imperialcollege	sheffielduni
ucc	imperialcollege
unibirmingham	imperialcollege
imperialcollege	unibirmingham
uniofeastanglia	imperialcollege
imperialcollege	uniofeastanglia
uniofnottingham	imperialcollege
imperialcollege	uniofnottingham
uniofoxford	imperialcollege
imperialcollege	uniofoxford
universityleeds	imperialcollege
imperialcollege	universityleeds
uofglasgow	imperialcollege
imperialcollege	uofglasgow
limerickit	itcarlow
itcarlow	limerickit
maynoothuni	itcarlow
itcarlow	maynoothuni
mtu_cork	itcarlow
itcarlow	mtu_cork
mtu_kerry	itcarlow
itcarlow	mtu_kerry
nuigalway	itcarlow
itcarlow	nuigalway
rcsi_irl	itcarlow
tcddublin	itcarlow
itcarlow	tcddublin
tudublin_bn	itcarlow
itcarlow	tudublin_bn
ucc	itcarlow
itcarlow	ucc
itcarlow	ucddublin
ul	itcarlow
itcarlow	ul
waterfordit	itcarlow
itcarlow	waterfordit
wearetudublin	itcarlow
itcarlow	wearetudublin
livuni	kingscollegelon
qubelfast	kingscollegelon
kingscollegelon	qubelfast
sheffielduni	kingscollegelon
kingscollegelon	sheffielduni
tcddublin	kingscollegelon
unibirmingham	kingscollegelon
kingscollegelon	unibirmingham
uniofeastanglia	kingscollegelon
uniofnottingham	kingscollegelon
kingscollegelon	uniofnottingham
uniofoxford	kingscollegelon
kingscollegelon	uniofoxford
kingscollegelon	universityleeds
uofglasgow	kingscollegelon
kingscollegelon	uofglasgow
wearetudublin	kingscollegelon
livuni	lancasteruni
lancasteruni	livuni
sheffielduni	lancasteruni
lancasteruni	sheffielduni
tcddublin	lancasteruni
lancasteruni	tcddublin
unibirmingham	lancasteruni
lancasteruni	unibirmingham
uniofeastanglia	lancasteruni
lancasteruni	uniofeastanglia
uniofnottingham	lancasteruni
lancasteruni	uniofnottingham
uniofoxford	lancasteruni
lancasteruni	uniofoxford
universityleeds	lancasteruni
lancasteruni	universityleeds
limerickit	maynoothuni
mtu_cork	limerickit
limerickit	mtu_cork
limerickit	mtu_kerry
nuigalway	limerickit
limerickit	nuigalway
limerickit	qubelfast
limerickit	tcddublin
tudublin_bn	limerickit
limerickit	tudublin_bn
limerickit	ucc
limerickit	ucddublin
ul	limerickit
limerickit	ul
limerickit	uofglasgow
waterfordit	limerickit
limerickit	waterfordit
limerickit	wearetudublin
maynoothuni	livuni
officialuom	livuni
livuni	qubelfast
sheffielduni	livuni
livuni	sheffielduni
livuni	swanseauni
tudublin_bn	livuni
unibirmingham	livuni
livuni	unibirmingham
uniofeastanglia	livuni
livuni	uniofeastanglia
uniofnottingham	livuni
livuni	uniofnottingham
livuni	uniofoxford
universityleeds	livuni
livuni	universityleeds
uofglasgow	livuni
livuni	uofglasgow
mtu_cork	maynoothuni
maynoothuni	mtu_cork
mtu_kerry	maynoothuni
maynoothuni	mtu_kerry
nuigalway	maynoothuni
maynoothuni	nuigalway
maynoothuni	qubelfast
rcsi_irl	maynoothuni
maynoothuni	rcsi_irl
maynoothuni	swanseauni
tcddublin	maynoothuni
maynoothuni	tcddublin
ucc	maynoothuni
maynoothuni	ucc
ucddublin	maynoothuni
maynoothuni	ucddublin
ul	maynoothuni
maynoothuni	ul
waterfordit	maynoothuni
maynoothuni	waterfordit
wearetudublin	maynoothuni
maynoothuni	wearetudublin
mtu_kerry	mtu_cork
mtu_cork	mtu_kerry
nuigalway	mtu_cork
mtu_cork	nuigalway
rcsi_irl	mtu_cork
tcddublin	mtu_cork
mtu_cork	tcddublin
tudublin_bn	mtu_cork
mtu_cork	tudublin_bn
ucc	mtu_cork
mtu_cork	ucc
mtu_cork	ucddublin
ul	mtu_cork
mtu_cork	ul
mtu_cork	uniofnottingham
mtu_cork	uniofoxford
mtu_cork	uofglasgow
waterfordit	mtu_cork
mtu_cork	waterfordit
wearetudublin	mtu_cork
mtu_cork	wearetudublin
nuigalway	mtu_kerry
mtu_kerry	nuigalway
rcsi_irl	mtu_kerry
mtu_kerry	rcsi_irl
tcddublin	mtu_kerry
mtu_kerry	tcddublin
tudublin_bn	mtu_kerry
mtu_kerry	tudublin_bn
ucc	mtu_kerry
mtu_kerry	ucc
mtu_kerry	ucddublin
ul	mtu_kerry
mtu_kerry	ul
waterfordit	mtu_kerry
mtu_kerry	waterfordit
mtu_kerry	wearetudublin
nuigalway	qubelfast
rcsi_irl	nuigalway
nuigalway	rcsi_irl
tcddublin	nuigalway
nuigalway	tcddublin
tudublin_bn	nuigalway
nuigalway	tudublin_bn
ucc	nuigalway
nuigalway	ucc
nuigalway	ucddublin
ul	nuigalway
nuigalway	ul
nuigalway	uniofoxford
waterfordit	nuigalway
nuigalway	waterfordit
wearetudublin	nuigalway
nuigalway	wearetudublin
swanseauni	officialuom
unibirmingham	officialuom
uniofeastanglia	officialuom
uniofnottingham	officialuom
uniofoxford	officialuom
officialuom	uniofoxford
uofglasgow	officialuom
rcsi_irl	qubelfast
sheffielduni	qubelfast
qubelfast	sheffielduni
tcddublin	qubelfast
qubelfast	tcddublin
ucc	qubelfast
ucddublin	qubelfast
ul	qubelfast
unibirmingham	qubelfast
qubelfast	unibirmingham
uniofeastanglia	qubelfast
uniofnottingham	qubelfast
qubelfast	uniofnottingham
qubelfast	uniofoxford
universityleeds	qubelfast
qubelfast	universityleeds
uofglasgow	qubelfast
qubelfast	uofglasgow
waterfordit	qubelfast
wearetudublin	qubelfast
tcddublin	rcsi_irl
rcsi_irl	tcddublin
ucc	rcsi_irl
rcsi_irl	ucc
ucddublin	rcsi_irl
rcsi_irl	ucddublin
ul	rcsi_irl
rcsi_irl	ul
rcsi_irl	uniofoxford
rcsi_irl	universityleeds
rcsi_irl	waterfordit
rcsi_irl	wearetudublin
unibirmingham	sheffielduni
sheffielduni	unibirmingham
uniofeastanglia	sheffielduni
sheffielduni	uniofeastanglia
uniofnottingham	sheffielduni
sheffielduni	uniofnottingham
uniofoxford	sheffielduni
sheffielduni	uniofoxford
universityleeds	sheffielduni
sheffielduni	universityleeds
uofglasgow	sheffielduni
sheffielduni	uofglasgow
uniofeastanglia	swanseauni
swanseauni	uniofeastanglia
uniofnottingham	swanseauni
uniofoxford	swanseauni
swanseauni	uniofoxford
swanseauni	universityleeds
uofglasgow	swanseauni
ucc	tcddublin
tcddublin	ucc
ucddublin	tcddublin
tcddublin	ucddublin
ul	tcddublin
tcddublin	ul
unibirmingham	tcddublin
tcddublin	unibirmingham
uniofoxford	tcddublin
tcddublin	uniofoxford
waterfordit	tcddublin
tcddublin	waterfordit
wearetudublin	tcddublin
tcddublin	wearetudublin
ucc	tudublin_bn
tudublin_bn	ucc
tudublin_bn	ucddublin
tudublin_bn	ul
waterfordit	tudublin_bn
tudublin_bn	waterfordit
wearetudublin	tudublin_bn
tudublin_bn	wearetudublin
ucc	ucddublin
ul	ucc
ucc	ul
ucc	unibirmingham
ucc	uniofnottingham
ucc	uniofoxford
waterfordit	ucc
ucc	waterfordit
wearetudublin	ucc
ucc	wearetudublin
ul	ucddublin
ucddublin	uofglasgow
waterfordit	ucddublin
wearetudublin	ucddublin
waterfordit	ul
ul	waterfordit
wearetudublin	ul
ul	wearetudublin
uniofeastanglia	unibirmingham
unibirmingham	uniofeastanglia
uniofnottingham	unibirmingham
unibirmingham	uniofnottingham
uniofoxford	unibirmingham
unibirmingham	uniofoxford
universityleeds	unibirmingham
unibirmingham	universityleeds
uofglasgow	unibirmingham
unibirmingham	uofglasgow
uniofnottingham	uniofeastanglia
uniofeastanglia	uniofnottingham
uniofeastanglia	uniofoxford
uniofeastanglia	universityleeds
uniofeastanglia	uofglasgow
uniofoxford	uniofnottingham
uniofnottingham	uniofoxford
universityleeds	uniofnottingham
uniofnottingham	universityleeds
uofglasgow	uniofnottingham
uniofnottingham	uofglasgow
universityleeds	uniofoxford
uniofoxford	universityleeds
uofglasgow	uniofoxford
uniofoxford	uofglasgow
waterfordit	uniofoxford
uofglasgow	universityleeds
universityleeds	uofglasgow
waterfordit	wearetudublin
